{
    "$schema": "https://schema.management.azure.com/schemas/0.1.2-preview/CreateUIDefinition.MultiVm.json#",
    "handler": "Microsoft.Azure.CreateUIDef",
    "version": "0.1.2-preview",
    "parameters": {
        "basics": [
            {}
        ],
        "steps": [
            {
                "name": "SiteName",
                "label": "Site Name",
                "subLabel": {
                    "preValidation": "Site Name",
                    "postValidation": "Done"
                },
                "bladeTitle": "Site Name",
                "elements": [
                    {
                        "name": "sitename",
                        "type": "Microsoft.Common.TextBox",
                        "label": "Virtual Machine Name prefix",
                        "toolTip": "Prefix of the VM for your web app",
                        "defaultValue": "",
                        "constraints": {
                            "required": true,
                            "regex": "[a-z][a-z0-9-]{2,5}[a-z0-9]$",
                            "validationMessage": "Must be 3-5 characters."
                        }
                    }
                ]
            },
            {
                "name": "sku",
                "label": "Site Name",
                "subLabel": {
                    "preValidation": "Site Name",
                    "postValidation": "Done"
                },
                "bladeTitle": "Enter Sku",
                "elements": [
                    {
                        "name": "sku",
                        "type": "Microsoft.Common.TextBox",
                        "label": "Virtual Machine Name prefix",
                        "toolTip": "Prefix of the VM for your web app",
                        "defaultValue": "",
                        "constraints": {
                            "required": true,
                            "regex": "[a-z][a-z0-9-]{2,5}[a-z0-9]$",
                            "validationMessage": "Must be 3-5 characters."
                        }
                    }
                ]
            },
            {
                "name": "workerSize",
                "label": "Woker size",
                "subLabel": {
                    "preValidation": "Site Name",
                    "postValidation": "Done"
                },
                "bladeTitle": "Worker Size",
                "elements": [
                    {
                        "name": "workerSize",
                        "type": "Microsoft.Common.TextBox",
                        "label": "Virtual Machine Name prefix",
                        "toolTip": "Prefix of the VM for your web app",
                        "defaultValue": "",
                        "constraints": {
                            "required": true,
                            "regex": "[a-z][a-z0-9-]{2,5}[a-z0-9]$",
                            "validationMessage": "Must be 3-5 characters."
                        }
                    }
                ]
            },
            {
                "name": "repoURL",
                "label": "Repo Url",
                "subLabel": {
                    "preValidation": "Site Name",
                    "postValidation": "Done"
                },
                "bladeTitle": "Git Repo",
                "elements": [
                    {
                        "name": "repoURL",
                        "type": "Microsoft.Common.TextBox",
                        "label": "Virtual Machine Name prefix",
                        "toolTip": "Prefix of the VM for your web app",
                        "defaultValue": "",
                        "constraints": {
                            "required": true,
                            "regex": "[a-z][a-z0-9-]{2,5}[a-z0-9]$",
                            "validationMessage": "Must be 3-5 characters."
                        }
                    }
                ]
            },
            {
                "name": "branch",
                "label": "Brnach",
                "subLabel": {
                    "preValidation": "Site Name",
                    "postValidation": "Done"
                },
                "bladeTitle": "Git Branch",
                "elements": [
                    {
                        "name": "branch",
                        "type": "Microsoft.Common.TextBox",
                        "label": "Virtual Machine Name prefix",
                        "toolTip": "Prefix of the VM for your web app",
                        "defaultValue": "",
                        "constraints": {
                            "required": true,
                            "regex": "[a-z][a-z0-9-]{2,5}[a-z0-9]$",
                            "validationMessage": "Must be 3-5 characters."
                        }
                    }
                ]
            }
        ],
        "outputs": {
            "siteName":"[steps('SiteName').sitename]",
            "location": "[location()]",
            "sku": "[steps('sku').sku]",
            "workerSize": "[steps('workerSize').workerSize]",
            "repoURL": "[steps('repoURL').repoURL]",
            "branch": "[steps('branch').branch]"
        }
    }
}