{
   "$schema": "https://schema.management.azure.com/schemas/2019-04-01/deploymentTemplate.json#",
   "contentVersion": "1.0.0.0",
   "parameters": {
     "clusterResourceName": {
       "type": "string",
       "metadata": {
         "description": "The name of the Managed Cluster resource."
       }
     },
     "location": {
       "type": "string",
       "allowedValues": [
         "eastus",
         "westcentralus",
         "westeurope"
       ],
       "metadata": {
         "description": "The location of the AKS resource."
       }
     },
     "kubernetesVersion": {
       "type": "string",
       "defaultValue": "1.21.2",
       "metadata": {
         "description": "The version of Kubernetes."
       }
     },
     "vmSize": {
       "type": "string",
       "defaultValue": "Standard_D2s_v3",
       "metadata": {
         "description": "VM size"
       }
     },
     "nodeCount": {
       "type": "int",
       "defaultValue": 3,
       "metadata": {
         "description": "Node count"
       }
     }
   },
   "variables": {
     "dnsPrefix": "[concat(parameters('clusterResourceName'), '-dns')]"
   },
   "resources": [
     {
       "type": "Microsoft.ContainerService/managedClusters",
       "apiVersion": "2021-09-01",
       "name": "[parameters('clusterResourceName')]",
       "location": "[parameters('location')]",
       "properties": {
         "kubernetesVersion": "[parameters('kubernetesVersion')]",
         "dnsPrefix": "[variables('dnsPrefix')]",
         "agentPoolProfiles": [
           {
             "name": "agentpool",
             "count": "[parameters('nodeCount')]",
             "vmSize": "[parameters('vmSize')]",
             "osType": "Linux",
             "storageProfile": "ManagedDisks",
             "type": "VirtualMachineScaleSets",
             "mode": "System"
           }
         ],
         "networkProfile": {
           "networkPlugin": "kubenet"
         }
       }
     }
   ],
   "outputs": {
     "aksResourceGroupName": {
       "type": "string",
       "value": "[resourceGroup().name]"
     },
     "aksResourceName": {
       "type": "string",
       "value": "[parameters('clusterResourceName')]"
     }
   }
 }
                                  