{
    "$schema": "https://schema.management.azure.com/schemas/2019-04-01/deploymentTemplate.json#",
    "contentVersion": "1.0.0.1",
    "parameters": {
        "siteName": {
            "type": "string",
            "defaultValue": "[concat('WebApp-', uniqueString(resourceGroup().id))]",
            "metadata": {
                "description": "The name of you Web Site."
            }
        },
        "location": {
            "type": "string",
            "defaultValue": "[resourceGroup().location]",
            "metadata": {
                "description": "Location for all resources."
            }
        },
        "sku": {
            "type": "string",
            "allowedValues": [
                "F1",
                "D1",
                "B1",
                "B2",
                "B3",
                "S1",
                "S2",
                "S3",
                "P1",
                "P2",
                "P3",
                "P4"
            ],
            "defaultValue": "F1",
            "metadata": {
                "description": "The pricing tier for the hosting plan."
            }
        },
        "workerSize": {
            "type": "string",
            "allowedValues": [
                "0",
                "1",
                "2"
            ],
            "defaultValue": "0",
            "metadata": {
                "description": "The instance size of the hosting plan (small, medium, or large)."
            }
        },
        "repoURL": {
            "type": "string",
            "defaultValue": "https://github.com/sumanthvisionify/microsoft_managed_web_app_demo.git",
            "metadata": {
                "description": "The URL for the GitHub repository that contains the project to deploy."
            }
        },
        "branch": {
            "type": "string",
            "defaultValue": "master",
            "metadata": {
                "description": "The branch of the GitHub repository to use."
            }
        }
    },
    "variables": {
        "packageFileUri": "https://raw.githubusercontent.com/sumanthvisionify/azure_manager_webapp_jsonfiles/main/app.zip",
        "hostingPlanName": "[concat('hpn-', resourceGroup().name)]"
    },
    "resources": [
        {
            "type": "Microsoft.Web/serverfarms",
            "apiVersion": "2020-12-01",
            "name": "[variables('hostingPlanName')]",
            "location": "[parameters('location')]",
            "sku": {
                "name": "[parameters('sku')]",
                "capacity": "[parameters('workerSize')]"
            },
            "properties": {
                "name": "[variables('hostingPlanName')]"
            }
        },
        {
            "type": "Microsoft.Web/sites",
            "apiVersion": "2020-12-01",
            "name": "[parameters('siteName')]",
            "location": "[parameters('location')]",
            "dependsOn": [
                "[resourceId('Microsoft.Web/serverfarms', variables('hostingPlanName'))]"
            ],
            "properties": {
                "id": "[resourceId('Microsoft.Web/serverfarms', variables('hostingPlanName'))]"
            },
            "resources": [
                {
                    "type": "sourcecontrols",
                    "apiVersion": "2020-12-01",
                    "name": "web",
                    "location": "[parameters('location')]",
                    "dependsOn": [
                        "[resourceId('Microsoft.Web/sites', parameters('siteName'))]"
                    ],
                    "properties": {
                        "repoUrl": "[parameters('repoURL')]",
                        "branch": "[parameters('branch')]",
                        "isManualIntegration": true
                    }
                }
            ]
        }
    ],
    "outputs": {
        "hostingPlanName": {
            "type": "string",
            "value": "[variables('hostingPlanName')]"
        },
        "packageFileUri": {
            "type": "string",
            "value": "[variables('packageFileUri')]"
        }
    }
}